year,r_ce_1.5,r_ce_2.0,r_ce_2.5,r_ce_3.0,r_ra_1.5,r_ra_2.0,r_ra_2.5,r_ra_3.0
2021,0.013859026299087576,0.018783354941452474,0.02377686319330096,0.028812910764121215,0.013922715294172517,0.01886226227445624,0.02386777217391494,0.028913940740536857
2022,0.014153535881839846,0.019089501617403828,0.024078283122496887,0.029101308879542927,0.014607328403379425,0.019647493718163465,0.024717433432185403,0.029808235422225257
2023,0.014449035438553129,0.01939665152297217,0.024380681556445013,0.029390646861361825,0.015315793579169573,0.020461318875997437,0.0255992193375733,0.030737502412003664
2024,0.014746551583443443,0.01970606308065717,0.024685501514897984,0.029682525989092857,0.016012875699563087,0.02126016417666767,0.026462996382025917,0.03164608622162338
2025,0.015046601571026117,0.020018372416663117,0.024993476448613664,0.029977765353133005,0.016774813939685846,0.0221385507899525,0.0274177222392258,0.03265513240749059
2026,0.014675698487649118,0.019580670407537047,0.0245083135764247,0.029455986150568905,0.016346546001601785,0.021630860866194295,0.02685282791174336,0.03204552961914644
2027,0.014545597821995836,0.019412051560345277,0.024307590809595936,0.02922707972186254,0.016301090677664564,0.021565997600920678,0.026770632554456667,0.03194740225679783
2028,0.01450843694843174,0.019341319190074254,0.024204578265640146,0.029093088254183185,0.016480312792592853,0.021758578059755892,0.026966787397602485,0.032142054612119414
2029,0.01453389689240882,0.019336825861352578,0.024167995516159953,0.02902396320053306,0.016753548304997437,0.02205500348977554,0.027271539772264153,0.03244735855488925
2030,0.014603765365077329,0.019379556581325764,0.024179044469250316,0.02900164359073426,0.01709139068670796,0.022423877449806878,0.027653204766003858,0.032832242281281135
2031,0.014303497050454722,0.01903140896803662,0.023798634259333575,0.02859756073412115,0.0166571389075783,0.02191505973320928,0.027092273767859786,0.032231657832867994
2032,0.014143330218208574,0.01884095146696919,0.02358623087509352,0.02836792628790714,0.016420383872419782,0.021631738153373308,0.026774639292063803,0.03188666488025106
2033,0.014043512563923922,0.018713827184365952,0.023436981747096373,0.02819969316755272,0.016315548026325257,0.02149701283985733,0.026615483198597585,0.0317064195833539
2034,0.013990744430378068,0.01863607504810488,0.023336975822428028,0.028079358105375152,0.016322650673443954,0.021490297181082196,0.02659460685269131,0.031671584207750576
2035,0.013976891317696178,0.018599435691449905,0.02327826894869922,0.027999507429238193,0.01647352830406722,0.021651235761569344,0.026757860426096867,0.03183327148524621
2036,0.013842418342125984,0.018438235830836824,0.023097324388632184,0.027802788119278266,0.016363514423462094,0.021517508780608426,0.026606107326041913,0.03166676632907683
2037,0.013797145327888954,0.01837795392362656,0.023024312717917373,0.027718481628403763,0.01634021456694492,0.021483430118317756,0.02656248883028925,0.0316144683357597
2038,0.0137858651192375,0.018352389942110484,0.02298487424573194,0.027665674833276383,0.016425446162204153,0.021576053810695148,0.02665805434594974,0.031710675551745476
2039,0.01380353046463594,0.01835643606345639,0.022974113388756073,0.02763981662137023,0.016542861298317113,0.021699840956853136,0.026781956074734593,0.03183152576664888
2040,0.013846517505454823,0.018386511509021788,0.022988689844019344,0.027637900995408155,0.016778569333640976,0.02196397736588736,0.02706214925719156,0.032121172230151165
2041,0.013770804174399895,0.018297587636496297,0.022890280446362713,0.027532044052146043,0.016664084127733212,0.02183152695956319,0.026917458289061696,0.03196734676023269
2042,0.0137635372854866,0.018286074810232547,0.022874568809688165,0.027512169542272983,0.0166267359422928,0.021785815117926075,0.0268649945043237,0.031909017090535945
2043,0.013781137243538199,0.01829938409778452,0.022882187807864184,0.027513405466861,0.016677764849629382,0.021842863471261038,0.02692509456865762,0.0319705205104083
2044,0.01382025807968961,0.01833402941753806,0.022909690655815166,0.02753243408928642,0.01676178633565874,0.021934451877016935,0.02701957936361207,0.03206540651411554
2045,0.013877746087366487,0.01838665390209721,0.022953686411689586,0.0275659168169911,0.016878819401108355,0.022062662599990866,0.027152435565675183,0.03219939908738555
2046,0.013797304507342787,0.01828432808758079,0.022833490893793107,0.027430258077007184,0.016784859828350814,0.02194289319055778,0.02701147524721144,0.032040002586639596
2047,0.013767313953360418,0.018238782579014956,0.02277368499517544,0.027357129361124596,0.016787137603217303,0.021935045862879327,0.02699319257582015,0.032011340024963746
2048,0.013757091139133289,0.018213070250096327,0.022732658877900738,0.02730117579088768,0.016822458854162704,0.02196554036378715,0.027016757584448277,0.03202702655594582
2049,0.013765961044789549,0.018206889578416107,0.022710550171817036,0.02726300416595948,0.016919128790909704,0.02206836243425904,0.027120365301926817,0.032128634895997765
2050,0.013792874080111175,0.01821940377977748,0.022706814952468974,0.027242402697012936,0.017063948524293545,0.0222248533131242,0.027280563976637053,0.03228837015422922
2051,0.013668074408304797,0.018062167639134725,0.022524054844983637,0.027038341916766892,0.017016269898521424,0.022155966933410202,0.02719308585346268,0.03218415234270355
2052,0.013591139639022651,0.017959819089356184,0.02240066256103196,0.026896738122578416,0.017003649961846824,0.022127534283123765,0.027149719680584383,0.03212676373590156
2053,0.013537178182372508,0.017882234053762023,0.022302549955087486,0.026780263583655123,0.017058753424911755,0.022178528085031627,0.027193841579332266,0.03216287788602041
2054,0.01350375361237178,0.01782670944625095,0.02222687079970194,0.026685992634755986,0.017124856920714467,0.022239009865551017,0.027245281364599177,0.032203843874048226
2055,0.013488599219798274,0.017790708602498873,0.022170933507739816,0.026611138765616285,0.017253433617533863,0.02237481372200313,0.027381628865816077,0.03233742858786065
2056,0.013411781135192912,0.017688380066318243,0.022046986835106388,0.0264680493324434,0.017246490061462547,0.022358023511259914,0.027355021837637758,0.03230121620277757
2057,0.013369652068830598,0.01762566521784049,0.021965813177440553,0.026369944003783983,0.017284863029615908,0.022392119498732186,0.027382635128592,0.03232139358972075
2058,0.013344253492003329,0.01758084674039842,0.021902855196722443,0.026289950638494857,0.017357368191566986,0.022465933326577803,0.027453833147603388,0.03238808770846332
2059,0.013334325082688158,0.017552608249222328,0.021856809240041606,0.026226812804583926,0.0174500478456082,0.022562532321646896,0.027549334326994062,0.03248000427057286
2060,0.013339382586874907,0.017540565349802938,0.021827420308862668,0.026180417167666493,0.017595494850957356,0.022719814375665053,0.027710720994091886,0.03264155083054319
2061,0.013239082655017324,0.017406431192581676,0.021664355083964325,0.025991531999043034,0.017575582830509407,0.02268260923017812,0.027656932154232847,0.032571881446854835
2062,0.013170250051192722,0.017307953827583506,0.021539446807246884,0.025842384405075337,0.01759070009509742,0.022685115459441144,0.02764561348015754,0.032546382153223335
2063,0.013118093618499095,0.017227254902705456,0.0214324930363,0.02571088604627936,0.017637482833350294,0.022725083335754338,0.02767605402833211,0.032566109392831395
2064,0.013081338912625142,0.017162966555453494,0.021342104532634413,0.025595665073047193,0.01771122825833575,0.022794633648751218,0.027737226780312017,0.03261693992570941
2065,0.013058928056252436,0.01711396615442804,0.021267155010348673,0.02549562463967929,0.017826517987253303,0.022912258844786326,0.027850848371474893,0.032723397363458244
2066,0.012938704906446033,0.01696451629815052,0.021094710376704275,0.025303822089240053,0.017730557625195764,0.02278961152666638,0.027707037037731547,0.032561781258607876
2067,0.01284331075804578,0.016842812555105717,0.020951712628149467,0.02514254188427673,0.017659685714443367,0.02269361283367964,0.027590075002922453,0.03242652662274106
2068,0.012762338190708851,0.01673625048003952,0.020823882532104546,0.024996127012254375,0.017627066076416908,0.0226414881401939,0.027520770986848273,0.0323417472254744
2069,0.012695578996953115,0.016644712983740935,0.020711200909860717,0.024864655699486496,0.017633120391597337,0.022632938672880448,0.027498067672103724,0.0323056199929323
2070,0.012642678751487738,0.016567887432569123,0.020613410648721412,0.02474793013400336,0.017680340396117097,0.02267218587775093,0.02752773447156489,0.03232531449177124
2071,0.012562277866543346,0.016463456538863237,0.020489882676276147,0.0246084369098347,0.017682112677648815,0.02266028979180831,0.027503091037893633,0.03228894357171136
2072,0.012502566199713162,0.016382472655904444,0.020391505551742337,0.024495227813973595,0.017715933072258695,0.02268446116572598,0.02751692104832001,0.032292590474833224
2073,0.012455118048686261,0.016314724056558583,0.02030670785361646,0.0243956156017956,0.017776424755361134,0.022739166623797075,0.027563965151296114,0.03233150801433504
2074,0.012419380799026323,0.01625965116999654,0.02023495208995293,0.02430909951290675,0.017867460363695825,0.022828159352213103,0.02764754685967899,0.03240842406868898
2075,0.01239478422325613,0.016216661923328594,0.020175654921887963,0.024235120944370622,0.017983728537277456,0.022944533562022064,0.02775957562282947,0.03251432347261664
2076,0.012319468578234608,0.01613228747806342,0.020086980304600537,0.024144928322325575,0.017868117490048182,0.022811951093808073,0.02761549967200517,0.03236182990010013
2077,0.012263937122573924,0.016070328621876316,0.020022320912689656,0.02407978023730147,0.017771334178691336,0.02270066630976532,0.02749428992773397,0.03223329440773945
2078,0.012222217333018162,0.01602361588011431,0.01997362088554754,0.02403091242479275,0.017697286768224477,0.022614692644839996,0.02739991923414375,0.032132579984118836
2079,0.012193474601280577,0.015991215122312556,0.019939889507647426,0.023997300969030272,0.017663213144163158,0.02257477383851015,0.027355695770911514,0.03208501964219469
2080,0.012177237374252265,0.015972629987126067,0.019920629368139493,0.023978459833849348,0.017647451326336147,0.02255480937231254,0.027332286469983813,0.0320587592000418
2081,0.012128431163243959,0.015908367933663715,0.019842815023912254,0.023888108211140655,0.017617739396211952,0.022512329715566496,0.027278956532124764,0.03199581989798364
2082,0.01209289449675998,0.015858527159490148,0.01977984812254913,0.02381265120373171,0.017614141355880984,0.02249958576598975,0.027257463824929135,0.03196597334993369
2083,0.012068216650071495,0.01582023777045958,0.01972852277187901,0.023748616850216727,0.017633583614775034,0.022513400033165445,0.027264942318600723,0.03196692640650055
2084,0.012053941984052819,0.015793013720319774,0.019688343720335465,0.0236955113532668,0.01768412142005198,0.022563588889491917,0.027312506672506433,0.03201082439472772
2085,0.012049709073541625,0.015776474485758037,0.019658926448974524,0.02365295325636574,0.017747631990555627,0.02262825606803734,0.027375240839254165,0.032070112915101597
2086,0.012008052498885714,0.015727549093104597,0.01960550405712314,0.02359664457874571,0.017725895923652552,0.02259691801490777,0.027336394305721313,0.032025179473294606
2087,0.011978222702684194,0.015691374371564305,0.01956511836796595,0.023553333126687465,0.017731019370311924,0.022596603094503422,0.027331339218435537,0.03201605536060954
2088,0.011958816065135137,0.01566632941950137,0.01953600946006964,0.023521164294028177,0.017752561475682247,0.022615683103762434,0.027347828841345838,0.032030157007672484
2089,0.011949268484547627,0.01565180721488559,0.019517561885416982,0.023499533331700996,0.017794507580735915,0.02265668310958741,0.02738664704054173,0.03206643570886006
2090,0.011949006482378755,0.01564718113043732,0.01950913036187301,0.023487795480000306,0.017853815002109936,0.02271866709205197,0.027449193609203126,0.03212868611372257
2091,0.01188980840382413,0.015568533179963649,0.019413971371258,0.023377941960039776,0.01784030458425761,0.022692590104692052,0.02741155576864469,0.03208034511432977
2092,0.01184163547639725,0.015501941691287435,0.019331310966143603,0.02328072236375182,0.01785347658419784,0.02269695744366201,0.02740667436388883,0.032066291820859134
2093,0.011803243890761404,0.015445916213099365,0.019259477123166235,0.023194321434733878,0.017884866420970664,0.022722956553059247,0.027425759606515353,0.03207791036346511
2094,0.011774873044901548,0.01540080835120743,0.01919892193852511,0.023119284206257938,0.017923319693391525,0.022755172617586257,0.027449907460541295,0.0320933281868724
2095,0.011756084636123203,0.015366123471512222,0.01914911754027483,0.023055062728052335,0.017987008367334932,0.022817695245123382,0.02750808294718454,0.03214571615499351
2096,0.011686777068600725,0.01527813617090767,0.01904602656938661,0.022938960446098652,0.017961147787662366,0.022779221260231422,0.027458748944984856,0.03208673903586365
2097,0.01163098818796656,0.015205314197944735,0.01895902897867665,0.02283949403016623,0.017948936258606902,0.022755307428228438,0.0274241773554064,0.03204236227522174
2098,0.011585228889641086,0.015143455388719241,0.018883393309227347,0.02275150912440479,0.017963579226411317,0.022762685335859782,0.02742399315304885,0.032034750716499485
2099,0.011548976968705512,0.015091978494463303,0.018818512491398202,0.022674392292465404,0.017992186706018556,0.022786191004859374,0.02744133895743814,0.03204562878837677
2100,0.011521666179440527,0.0150502424832884,0.01876370606641675,0.02260744444856446,0.01804114634946714,0.0228334422560906,0.027484843385928392,0.03208455271464111
2101,0.011403407480924091,0.014900673224340794,0.018587717572581115,0.022407667575873265,0.01795235786840618,0.02271894002000762,0.02734989564977736,0.031932218447569855
2102,0.011299217379060578,0.01476689184070595,0.01842840267124505,0.02222497889812985,0.01788368344196969,0.02262720254842086,0.02723943885855637,0.031805600010548225
2103,0.011205430705401077,0.014644419360498167,0.01828064409965267,0.022053721641955893,0.017839313829565117,0.022562589744262656,0.027157696110378174,0.031708629843440986
2104,0.011121738164034086,0.014532882610825346,0.018144010077570067,0.021893406242231572,0.017810542600463625,0.022515802448020417,0.027095070443509044,0.031631506504017415
2105,0.011047957923320353,0.014432061568411567,0.018018241009300877,0.021743730784235124,0.017800668907569216,0.022491419649906603,0.02705746800285665,0.03158151778236665
2106,0.010945121191366581,0.01431192185754661,0.017886687771398565,0.02160395919308379,0.017719518580945334,0.022385374750580802,0.026932819503476365,0.031442235513833836
2107,0.010854533713119788,0.014205215756912984,0.017769127686120312,0.021478423111705024,0.017660543915602806,0.022303787293065837,0.02683384884232713,0.03132928822386063
2108,0.010773072027005497,0.014108159092694422,0.01766127428162827,0.021362425602434357,0.01762347005937215,0.02224784381172982,0.026763155110457914,0.03124663783379679
2109,0.01070026353243245,0.014020198102016808,0.017562515721898042,0.02125531022214141,0.01760521958495077,0.022212657851307504,0.026714156421623322,0.031186114227710976
2110,0.01063564558403495,0.013940787429091545,0.01747224676699994,0.02115642527006746,0.01760785193483315,0.022202574126794935,0.026693374656083402,0.0311562769372932
2111,0.0105606226704679,0.013850840124749493,0.017372184797757793,0.021049143712132172,0.017574464497080278,0.022151436065630026,0.026628045687697204,0.031079218049587878
2112,0.0104961221506037,0.013772579035025809,0.017284378647668748,0.02095436804550495,0.01756103457022798,0.022122596150123918,0.02658642106425814,0.03102678205796874
2113,0.010441168305368068,0.013704902770343662,0.017207659761763795,0.020870896204925667,0.017563413856680872,0.022111132766420873,0.026562730763869065,0.030992225810861244
2114,0.01039577878447798,0.0136478835513549,0.017142155453409004,0.020798909437013242,0.01758838182711255,0.022127344715881347,0.026570853654782806,0.030993127837691606
2115,0.01035969837920349,0.013601248594361234,0.017087589427302544,0.02073813484590468,0.01762655762448626,0.022157349830397348,0.02659254847855925,0.03100692692503136
2116,0.010280393475358727,0.01350056892659969,0.016969220158584247,0.020604204184807625,0.017606770665366773,0.02212131758854942,0.026542976590061537,0.030945623054852336
2117,0.010210976641370748,0.013411026341114643,0.016862690508134406,0.020482524028770207,0.017598927748277315,0.022097928505653678,0.02650621180998295,0.03089703312017996
2118,0.010150532041714117,0.013331556170862919,0.016766833615946806,0.020371849803165646,0.017604474029032244,0.022090235587306578,0.026486714695291208,0.030866845137534595
2119,0.010098686638684677,0.013261728096245302,0.016681179102704856,0.02027167987599674,0.01762499545933769,0.022099796669731876,0.02648608882688896,0.03085679823010829
2120,0.010054959035974576,0.013200968001604522,0.016605082322206442,0.020181311102924534,0.017669283336180966,0.022136900014673312,0.02651573222313261,0.0308791799049035
2121,0.009974995895792203,0.013100495217081768,0.01648809549449056,0.020050120738426082,0.01762791308799142,0.02207742042712921,0.026441359675274563,0.030792054372431075
2122,0.009901930364754225,0.013007114834662666,0.016378003066294528,0.019925434733189754,0.017604386166680523,0.022038588163317597,0.02638952585883028,0.030728831953847065
2123,0.009836004294333333,0.012921160869688413,0.016275216806671693,0.01980773372406054,0.01760578363828532,0.022027907115233773,0.02636786187180269,0.030697144818643652
2124,0.009777183086691234,0.012842583951505846,0.016179665247344464,0.01969691898743999,0.017615090274845466,0.022026202127674012,0.026355692403362493,0.030675169205697704
2125,0.009725249362976683,0.0127711000271688,0.01609099900761995,0.019592575874179556,0.01763756041613412,0.02203967232434373,0.026359913734103027,0.030670320617312376
2126,0.009644347793889764,0.01266609034569613,0.01596523637996649,0.01944801890251658,0.017622295585848533,0.022007793182266595,0.02631394754271546,0.030611925254185803
2127,0.009571796956359265,0.012570162312369893,0.01584883666021213,0.019312884972873375,0.01762072738938805,0.02199140112280101,0.026284394512066114,0.030570367908115535
2128,0.009506547406499321,0.012482114524465616,0.01574051605840417,0.01918584857821523,0.01763398557038514,0.02199155927820222,0.026272393442610727,0.030546987309099594
2129,0.009448237294589004,0.012401532755245012,0.01563983057987897,0.019066449169962113,0.017659292236210135,0.02200640812174097,0.026277003922623905,0.030541712651289417
2130,0.009396427812003125,0.012327902862410436,0.015546217015024661,0.018954089842877664,0.017700114007347577,0.02203785964951118,0.0262984413344349,0.030553056756826923
2131,0.009310538288569098,0.012227572093506106,0.015436276327911279,0.018837157187326158,0.017640060942201847,0.021955441185027794,0.02619937448505679,0.030440973390009767
2132,0.009232449826255526,0.012135503689517687,0.015334581897215581,0.0187282017739069,0.017601588413262845,0.021896410971173532,0.026124420221914694,0.030353167350430497
2133,0.009161601900097991,0.01205107407194883,0.015240483045122977,0.018626565337535136,0.017577721696685297,0.021854797692430563,0.026068933312799053,0.030286397611270208
2134,0.009098014722929282,0.011974339488984947,0.01515407014303722,0.018532369860951865,0.017574177688289408,0.021835605767154903,0.026037216675633613,0.03024437926895841
2135,0.009041730921826975,0.011905380536877355,0.015075458781292673,0.018445763070874487,0.01758453085960645,0.021832129173496775,0.026022267733126637,0.030219765270721084
2136,0.008982700896985427,0.011832132552531809,0.01499004641669907,0.018349277759428777,0.017566503233107142,0.021801799118720402,0.025982472165796057,0.030172100519306647
2137,0.00893187614640218,0.011767808249368305,0.014913850648893388,0.018262096791257183,0.01755799889375052,0.021782658503729374,0.02595532861073487,0.030138534588519474
2138,0.008887513342138,0.011710264487253548,0.014844413231231219,0.01818149552124594,0.017565167711075646,0.021780927761432207,0.025946115988931723,0.030122676224287007
2139,0.008849440773243396,0.011659306346578958,0.014781526858488171,0.018107261655014327,0.017586159911007655,0.021794979255506663,0.02595427221740312,0.030125590744950106
2140,0.008817447466013926,0.011614689258702952,0.014724927431932013,0.018039121183060468,0.017626884920305116,0.02183159107138318,0.025986808424385624,0.03015420648800664
2141,0.008758563941155184,0.01154182450441611,0.014640479465630034,0.01794450198778567,0.01761194888603262,0.021803613107548803,0.025948697596946884,0.030107713311367024
2142,0.008707288263314468,0.011477274115863339,0.014564649566418543,0.017858605343818498,0.0176093180373036,0.02178920696516787,0.02592474425360667,0.030075558492704216
2143,0.00866269768150769,0.011419981814895248,0.014496307525275627,0.01778026163708951,0.017627430367646656,0.02179786727804838,0.025925389001056894,0.03006914103195781
2144,0.008624836846866076,0.011370032405664521,0.014435576613270886,0.01770963054905374,0.017653171871103844,0.021816373678267897,0.02593749679312223,0.030075436396593408
2145,0.008593647742228936,0.011327378743088912,0.014382423476453972,0.017646693133580388,0.017693302042777904,0.021851278022053573,0.025967297449201093,0.030100340828628634
2146,0.008541303778338234,0.011262998652093185,0.01430767197313025,0.017562397298549703,0.01769129612946094,0.021837702373739422,0.025944807136908287,0.030070490470481888
2147,0.008495472963385804,0.011205534985663984,0.014239933634206422,0.017485079283215448,0.01770341278936845,0.02183999025585276,0.025939301337336833,0.030058385490233094
2148,0.008455112778346784,0.011153740221777113,0.014177814837161427,0.017413234985731413,0.01772912824623265,0.021857256086262208,0.025949483141092595,0.0300623401890136
2149,0.008420079726588594,0.011107448708785508,0.014121135244634072,0.01734667413859174,0.01776626593784401,0.021887565441492216,0.025973707757764048,0.030080989689064423
2150,0.00839013695048131,0.01106637466430286,0.014069572033974326,0.01728504429201525,0.01781635399272769,0.021932044294906448,0.026012815059631447,0.03011500287130303
2151,0.00834409041078693,0.011013506988040416,0.014011401901645664,0.017222162428574148,0.017818482214051495,0.02192185372331899,0.025993937049835235,0.030089702323032777
2152,0.008304665510206246,0.010967615090836698,0.013960113742089424,0.017165821132697635,0.017828789609737057,0.021921521131419548,0.02598600953672218,0.03007610386004883
2153,0.008270941071466453,0.010927611199566223,0.013914508376692225,0.017114742454211553,0.017849263256495187,0.02193152452648491,0.02598787336397046,0.030071343649530746
2154,0.008242852438483874,0.010893431604899065,0.01387452554422364,0.017068871676111447,0.017881099758848207,0.021955949020736616,0.026006700736506558,0.030085784101149607
2155,0.008220667304154291,0.010865431912288153,0.013840595127948342,0.017028705558292653,0.017927769995622185,0.021996029924696424,0.026041116004168738,0.030115254872307397
2156,0.008154964367128523,0.010785936074972545,0.013749630257406071,0.016927417735441097,0.017919658399403068,0.021970952397939364,0.026003516723206117,0.030067747681912345
2157,0.008096936464443387,0.010714909265065891,0.013667489006713083,0.016835080429611998,0.017929390076272093,0.021966276616635274,0.025987953522778072,0.03004340754180877
2158,0.008045814677446429,0.010651456942387243,0.013593198491949777,0.016750669887793692,0.0179522218018154,0.021976165603554552,0.025987909021689397,0.030035327352201834
2159,0.008001366290446425,0.010595306287488147,0.013526461352244857,0.016673874016762617,0.017987685370989853,0.022001488816660916,0.026005275682565335,0.03004609546586766
2160,0.007963272892175839,0.01054607273950317,0.013466846307363816,0.01660422705437255,0.0180389675985954,0.022044285361460927,0.026041127775778914,0.030076031267980443
2161,0.00788160983915574,0.01044392012592412,0.013347679959171643,0.01646988817297913,0.018058951635420508,0.02204604539414141,0.026027846765655345,0.03004994126493898
2162,0.007805817154767652,0.01034813648450186,0.013235089140573416,0.01634219083308551,0.01808726213440175,0.02205701861356114,0.026024253984239184,0.030033801832935286
2163,0.007734942446878699,0.010257524392031942,0.013127671431995804,0.016219552252521845,0.018127044892195153,0.02208084270927828,0.02603415668878658,0.03003139463103774
2164,0.0076688826474239314,0.010171969519066045,0.013025305002421711,0.01610184599047803,0.01817876372424476,0.022118973917578482,0.02606024006122725,0.03004679509056496
2165,0.007608013758472897,0.010091966905910998,0.012928584596770855,0.01598975534064018,0.018240664358615214,0.022168928489061924,0.026099174393934617,0.030075709497412333
2166,0.007553653860605294,0.010026152976433219,0.012853021900081285,0.01590529542512326,0.018246039016898283,0.022161466490092017,0.02608271663254106,0.030052451511417208
2167,0.0075053005747269174,0.009966641263188978,0.012783768741295328,0.01582703566618202,0.018271809973353304,0.022175973159218675,0.026088840120566902,0.030051883420636805
2168,0.007462108495068445,0.00991247527329945,0.012719817850013998,0.01575395375616738,0.01830619018842837,0.022200025465491328,0.026105122966685282,0.030061911567349883
2169,0.0074237675856880705,0.009863288948805919,0.012660765592224277,0.015685620056775235,0.018354626286616195,0.0222403254018927,0.02613898993040799,0.030090380019388456
2170,0.007390057246758846,0.009818830051483608,0.012606342195181485,0.01562175599457421,0.01842360277657512,0.022303550298211617,0.026197278661099426,0.03014439183530067
2171,0.00736189505914619,0.00978743253894457,0.012571578198050227,0.015582987065214963,0.018473282861937602,0.022346923932962892,0.026236603070296193,0.030181102791131537
2172,0.007339467322782466,0.009762145469466566,0.012542972844273161,0.015550264642168913,0.018521072059319837,0.02238854165333229,0.026274261343108066,0.030216159536929396
2173,0.007321461959714378,0.009741391530962654,0.012518755366748582,0.015521667988061672,0.018581213087573614,0.022444261406386525,0.026327155001177712,0.030267249619828795
2174,0.007307835833486907,0.009725123261581316,0.012498871845771167,0.015497135833916247,0.01864603976030008,0.02250509899405955,0.02638542128619561,0.030323879136247036
2175,0.007298679985141543,0.009713463081895,0.012483467593345229,0.015476831711363994,0.018726110205363893,0.022583551178185043,0.026463072958857366,0.0304013996656596
2176,0.007267946463090486,0.009677225598374905,0.012441500662103299,0.01542863399499581,0.01876969472708991,0.022619588835111986,0.026494223217249875,0.030429149509609774
2177,0.007242450565263555,0.00964648735652972,0.012405009856507911,0.015385765251329883,0.018819795964764744,0.022662575930144622,0.026532517753033526,0.030464060315531494
2178,0.007221244080834803,0.009620119018236128,0.012372743412690582,0.015346888388880958,0.018885248262338304,0.022722774098979263,0.02658903084046195,0.03051775272139567
2179,0.007204164303273481,0.00959793568870304,0.012344504774420355,0.01531180286838704,0.018962016912871447,0.022794644457284467,0.026657220989822043,0.03058300413250027
2180,0.0071910531232959735,0.009579755384179005,0.012320098400218717,0.015280307226057024,0.0190506320720164,0.022880392550718463,0.026740703428065855,0.030664610420809278
2181,0.007141223508831679,0.009523538639078651,0.012259376055070515,0.015215805032361612,0.019087075110839874,0.022904631911261773,0.026756838215974417,0.030675287428503308
2182,0.007097168691197466,0.009473425876159243,0.012204743087825156,0.015157212756862146,0.01913122922168114,0.02293733298767567,0.02678143022691018,0.030693902935771938
2183,0.007057918886519038,0.009428296343040465,0.012154995689699364,0.01510328570388595,0.019187436917582353,0.022983414408946457,0.026820143765527753,0.03072707966017007
2184,0.007023338372356415,0.009387995394912719,0.012109967500898405,0.015053849980890658,0.01925230671692843,0.023039411507068595,0.026869554831966583,0.030771478786852772
2185,0.006993275987458111,0.009352343926049495,0.012069459318374828,0.015008691353455386,0.019324473089756877,0.023103370043277567,0.026927260274774035,0.03082434078389299
2186,0.006963324979389862,0.009316494020003405,0.012027674349234373,0.014960695880791634,0.019383883552440702,0.023156191401373625,0.02697574073023071,0.03086971130486782
2187,0.006938125322015936,0.009285405345478363,0.011990346870432371,0.014916717233447865,0.019450305777506043,0.023217100535878568,0.02703297101868275,0.030924228459107892
2188,0.0069170080628489635,0.00925829395197699,0.01195662633141529,0.014875871028170184,0.019527027996947582,0.023289005854759542,0.02710147080420964,0.030990083838521806
2189,0.006899887229576306,0.009235058620820217,0.0119264024861096,0.014838045149151224,0.019610574385796577,0.02336882753107242,0.027178416051527935,0.031064553101687285
2190,0.006886896702373465,0.00921588135672717,0.011899902317837673,0.014803512807718818,0.019709753222211045,0.023465860547764627,0.027273486974158816,0.031157762096691834
2191,0.006853249908881328,0.009174368851696344,0.011850928171407833,0.014747316699119389,0.019778413704335616,0.023528083716825177,0.027331296153008194,0.03121219548963805
2192,0.006824719595709017,0.00913817726404234,0.011807198828706426,0.014696182473027002,0.0198497441397708,0.02359287266773871,0.027391499879239264,0.031268771238324375
2193,0.006800374373213479,0.009106247871417027,0.0117676060227096,0.014648999130194743,0.01993072623900571,0.02366857473128245,0.02746337061535725,0.03133748684695904
2194,0.006780042198282021,0.009078359110469843,0.011731888468396458,0.014605473933332795,0.020020186758301955,0.023754618796722086,0.0275468090874099,0.03141863813501431
2195,0.0067635572584546005,0.009054295267520909,0.01169979073523205,0.014565320477856478,0.020122848998266243,0.02385469145377691,0.027644730293800705,0.0315145601868336
2196,0.006747565641970865,0.00903103737080585,0.01166722338254806,0.014522319959773518,0.02016993977822549,0.023898395224259354,0.027686540193721333,0.03155491026922341
2197,0.006736491351223524,0.009012857772045989,0.01163961243522301,0.014484064412679677,0.0202344892069268,0.023960551506960255,0.0277474080487356,0.031614701708505534
2198,0.006729491491021594,0.008998681028917717,0.01161569203838578,0.014449129195469458,0.020300984078223124,0.0240257343437665,0.027811922907485874,0.03167847538523451
2199,0.0067266915739577545,0.008988669459417745,0.011595661189596243,0.01441775400354482,0.02037923965905055,0.024104708839065094,0.027891565043656367,0.03175830151318736
2200,0.006728100342270858,0.008982832807265143,0.011579536642204968,0.014389970844734638,0.02046656059378897,0.024193811730755608,0.027981974218238486,0.03184936268320578
2201,0.006693452600193978,0.008937044148679931,0.011523363176215396,0.014324191041727939,0.020532327275422615,0.024252284122922275,0.02803407643821706,0.031895476333377915
2202,0.00666359263730933,0.008896264543596872,0.011472201950318393,0.014263370864508802,0.020605131465495384,0.024319457898898895,0.028096400568625217,0.0319533257002051
2203,0.006637457340459838,0.008859176669153469,0.011424529698521892,0.014205808499706308,0.020687839388929513,0.02439766489642366,0.028170337397292,0.03202308748556499
2204,0.006614996721010062,0.008825720762560205,0.011380280344476258,0.0141514353225952,0.0207756067268175,0.02448329605500715,0.0282537758777782,0.032104339207688605
2205,0.006596118496235092,0.00879578063889094,0.01133931964741466,0.014100104521213882,0.020874600085996488,0.02458056056003713,0.02834844377797777,0.03219587727762665
2206,0.006568741750979519,0.008757077466603399,0.011289289017808787,0.014039227456933678,0.020954784501094195,0.02465635175931487,0.02842011653068746,0.03226356555133053
2207,0.006545009042801882,0.008721643893550648,0.011241979637147754,0.01398052457281087,0.02102363590236503,0.024721450500234988,0.028481504949419163,0.03232112232679594
2208,0.006524161441251681,0.008688698469939886,0.01119665294490843,0.013923330560907663,0.02109774533801302,0.024791729497388282,0.028547338543728158,0.032381887070421486
2209,0.006506099189218966,0.008658125062459924,0.011153184585614963,0.013867519491446993,0.02117765280421138,0.024869481855042026,0.028622168676885024,0.03245320489475206
2210,0.006490825752071813,0.008629942718852144,0.011111614142621646,0.013813155717756898,0.021263406531505328,0.02495436613813986,0.028704919858416063,0.03253292271548066
2211,0.0064563412086531,0.008584409148823401,0.011056552180648611,0.013749844189037096,0.021318625942023935,0.025003778130457798,0.02874908421433135,0.032572237415735804
2212,0.00642605791329993,0.008542997929415735,0.01100536983596085,0.013690165139090925,0.021382228580574546,0.02506181849386196,0.0288018328107163,0.032619942722854296
2213,0.006399145589976961,0.008504744765014696,0.01095702470477862,0.013633029699033511,0.02145627074248792,0.025131972713035113,0.028867702866442888,0.03268140071419594
2214,0.006375503812916988,0.00846953640349259,0.010911402863620308,0.013578331114298358,0.02154121177687375,0.025214238373945225,0.028946289967767876,0.03275585548879519
2215,0.006355054985910045,0.008437289644743539,0.010868427140683342,0.013526005416778182,0.021633376013936015,0.025305956267186524,0.029036833634624837,0.0328452325414119
2216,0.006322611940685849,0.00839090643813367,0.010810494655515238,0.013458910589807969,0.02172245229463835,0.025390490472321153,0.02911607768876268,0.03291867065810285
2217,0.0062940135330264045,0.00834849793791394,0.010756531075051813,0.013395745407811889,0.021811750481195123,0.025475901375794814,0.0291963968268685,0.03299309919113281
2218,0.006268492610433118,0.008309246472048573,0.01070573029603351,0.013335742648661046,0.021914598515057043,0.025576189420442468,0.029292240263151192,0.03308334961435313
2219,0.0062459609505265065,0.00827306038323599,0.01065800009854633,0.013278808903234981,0.02202126469063512,0.0256812343407674,0.029393439583564416,0.033179380403954635
2220,0.00622633117594053,0.008239846709115478,0.010613244068172278,0.013224843456697137,0.022138229842077445,0.025797612792568123,0.029506606381264722,0.03328785969324871
2221,0.0062106934271001675,0.008216128193708603,0.010579975478818168,0.013181771456396806,0.02222708131687221,0.02588400241918438,0.0295913153933287,0.03337097900470967
2222,0.006198032687899411,0.008195126349519834,0.010549147103793117,0.013140954051358669,0.0223172329593505,0.02597141544250846,0.0296768227052779,0.033454708810227
2223,0.006187745011100155,0.008176091456940504,0.010519884118688634,0.013101401890170877,0.02241588624494162,0.02606868188975036,0.0297727700135039,0.03354903209448009
2224,0.0061799994625810605,0.008159265783017431,0.010492504216772128,0.013063507958588318,0.0225216766940263,0.026173510401513316,0.029876404410290432,0.033651034493275216
2225,0.006174677042430378,0.008144508035178707,0.010466858583480764,0.013027125266202042,0.022637166082566076,0.02628958399469685,0.029992086928284176,0.0337654917740464
2226,0.006163457796422328,0.008122093043420821,0.01043174670587345,0.012979690171568218,0.022747606703063233,0.026399542864384434,0.030101192039815837,0.03387297227725645
2227,0.006156103362870126,0.008103469380162997,0.010400261291271196,0.012935778745810637,0.022850350517428522,0.02650205516153808,0.030202881691769434,0.033972976264040944
2228,0.00615162511989734,0.008087347950424578,0.010370842793435225,0.012893585440764167,0.022958159369029323,0.026610866293349435,0.030311616959768563,0.03408049086228514
2229,0.006149877950650071,0.008073559423248404,0.010343314516472643,0.012852937110884536,0.02307257073310507,0.026727366458607186,0.030428665821343803,0.03419666357596908
2230,0.006150659140487664,0.008061853369932103,0.010317398349803527,0.012813541485604393,0.02319217560172294,0.0268502707444178,0.030553041434632305,0.0343209568726443
2231,0.006119899107465324,0.008018626919410339,0.010263382394959848,0.012750701639174177,0.023289320190072425,0.026943005803769095,0.030641357200838798,0.03440467459164945
2232,0.0060925021862389146,0.007978767503984378,0.010212675638045034,0.012691143834204098,0.023374759652709246,0.0270245526059401,0.0307187377383338,0.03447737032483969
2233,0.006067934919808906,0.007941638645113934,0.010164563940924751,0.01263408851965141,0.023465604131215647,0.027112215014998883,0.03080256103599281,0.034556753216914135
2234,0.006046213792066601,0.007907261137683766,0.01011907607482646,0.012579575276664366,0.023563378720004153,0.02720828419607588,0.03089579810791198,0.034646262252477175
2235,0.006027348971427688,0.007875644250796602,0.010076223563348337,0.012527620761998365,0.02366595066261331,0.027309964714438913,0.030994950739748565,0.034741747058528595
2236,0.0060002921685417395,0.007840353858288721,0.010033905933336631,0.012479553510305608,0.023744946003270675,0.027384048430801486,0.031065314936308125,0.03480899178301392
2237,0.005976871252017332,0.007808714163178525,0.009995192941164686,0.012435079503833074,0.0238167827422423,0.02745173656807882,0.031129362459786675,0.034869603458878046
2238,0.005956182154071864,0.007779680847100654,0.009958951318528848,0.012393000427526269,0.023892952018173947,0.02752459935706306,0.031199140813740582,0.03493636786499532
2239,0.0059381156852140555,0.007753121716891479,0.009925033646014355,0.012353158530304977,0.02397809491099336,0.027608035243060873,0.0312808296063099,0.035016368514053375
2240,0.005922545265738876,0.007728880429599121,0.009893262026266343,0.012315359614908957,0.024066763753633418,0.02769538469499525,0.031366206282164744,0.03509938083762341
2241,0.0058925072037140265,0.007688257824548204,0.009843398320506524,0.012257749994615862,0.024141616012688057,0.027764684347082427,0.0314308042619915,0.03515961241108557
2242,0.0058659677368109505,0.007650887341724129,0.009796356773970153,0.012202527385134472,0.024215011782869084,0.02783436657399636,0.031497605245920525,0.035223943385239084
2243,0.0058425247230239705,0.007616481444474651,0.009752037331117243,0.01214980402660377,0.024291569977612035,0.027906578936802012,0.03156507134940567,0.035286091192420196
2244,0.005822265361283707,0.007585165502811063,0.009710604253780838,0.012099783203411566,0.024375625626160777,0.027988442625338446,0.03164427141752745,0.035362146782980525
2245,0.005805210562984471,0.007556976176219529,0.009672114551869867,0.012052545215297642,0.024465305939186915,0.02807701373801776,0.03173065290116403,0.035445463878494565
2246,0.005777703226065958,0.007513041231318887,0.009613910797302125,0.011983012555604066,0.024576757382152734,0.028185434385554257,0.03183518398154485,0.035545295002116
2247,0.005752944837122109,0.007471479535656122,0.009557742656545038,0.011915289440947911,0.0246681449720749,0.02827462176208175,0.03192123642632385,0.0356272964320995
2248,0.0057303095723786005,0.00743172516000784,0.009503174244062404,0.011849087451934286,0.024763538309243143,0.02836789431232588,0.03201081758526057,0.03571181731650141
2249,0.005709774196124475,0.0073937760890558915,0.009450225247869022,0.011784441694202761,0.024865264885483802,0.02846816463241833,0.0321076486462026,0.035803634103497184
2250,0.005691291699249279,0.0073575964850391435,0.009398872495131164,0.011721336473735652,0.024972066492248913,0.028575580202329063,0.0322134349643733,0.035906045984202564
2251,0.005655089121108757,0.007306281643528583,0.009335426671644253,0.011648596883210873,0.025068556567204275,0.028667159485575047,0.03229923149642595,0.035985448905413144
2252,0.005622559634085581,0.007258812566211663,0.009275923246643183,0.011579909728381911,0.025154563494455315,0.028748525321869996,0.032374989263947586,0.03605495369491411
2253,0.005592682080960528,0.007213729910413323,0.009218495443301764,0.011513041597487263,0.025244554897238754,0.028834831639456642,0.032456186257044876,0.0361301380168989
2254,0.0055653831939921775,0.007170958987815217,0.00916307953019328,0.011447944924855935,0.025336322411013922,0.028923839826462995,0.03254075268334487,0.036209183741829645
2255,0.005540742013207342,0.007130632324178694,0.009109866454825961,0.011384867356169212,0.025431593160440958,0.029017164481958013,0.03263006179099764,0.036293176667915206
2256,0.005503191591518723,0.007076170715346963,0.009042264863623554,0.011307690447984228,0.025501709577500118,0.02908250716399149,0.03268990059451621,0.03634689308019541
2257,0.005468457684291048,0.0070243567360397515,0.008977179385643073,0.011232983001773698,0.025570714546349373,0.029146454333077887,0.03274795517652915,0.036398331573193464
2258,0.005435770490367684,0.006974288101743617,0.008913622008855222,0.011159692699406231,0.025644457194665397,0.029216232470468527,0.03281249208294715,0.0364566512117134
2259,0.005405050094361874,0.006925884896629915,0.008851521484814603,0.011087756703074351,0.025722041218779815,0.02929062589833893,0.03288190840640285,0.03651984911234044
2260,0.005376228527429141,0.0068790820682290464,0.008790823696851118,0.011017131045515709,0.025801283049517183,0.02936771254614074,0.032954922682416336,0.03658751901807406
2261,0.0053426541929926085,0.006825420380858008,0.008720318439893031,0.010933588601832786,0.02588704487670404,0.029450685095358288,0.033033802433742106,0.036660942287088244
2262,0.005311741465982317,0.006774516347256851,0.008652803883283069,0.010853361219350577,0.025981511199440057,0.029542392760808455,0.03312151363747709,0.03674331746233535
2263,0.005282519019310102,0.006724936284271479,0.008586400980306608,0.010774161166646763,0.026082542626947616,0.02964152205700448,0.03321701229080762,0.036833571099668345
2264,0.005254888310033183,0.0066765764862478675,0.008521009140749056,0.010695889758532591,0.02618697044758034,0.029744727465482367,0.0333168693283443,0.03692827520509971
2265,0.005228754733530744,0.006629338175983865,0.00845653353965132,0.010618454675087326,0.0262943207251203,0.029851585779983664,0.03342093154390984,0.03702760771467415
2266,0.005187013899466252,0.006568005956420406,0.008381152713896388,0.010533613198471284,0.026360825853242485,0.02991360436944173,0.03347686235597977,0.037076033512162036
2267,0.005148389904971234,0.006510264307361041,0.008309956257798491,0.010453589594651877,0.026421589911850424,0.029969420998940736,0.03352626800303981,0.03711787030592234
2268,0.005111940088327221,0.006454560097218739,0.008240777977781012,0.010375649619943797,0.026487853884048996,0.030031871275949723,0.033583006107079455,0.03716746521623169
2269,0.0050777445570146865,0.006401007590509861,0.008173761234491315,0.010299958859590553,0.02655807871061014,0.030099345775972904,0.0336452788363456,0.03722281020356453
2270,0.005045692358575628,0.006349458705587146,0.008108728178621627,0.010226312854515824,0.026636874693323157,0.03017885401220568,0.033722904870834396,0.03729687242556643
2271,0.005008460457305931,0.006295606320921855,0.008043045591223463,0.010152593825440431,0.026709480875428505,0.030247428087806612,0.03378588183508671,0.03735320279603977
2272,0.004974231853889292,0.006244878128898459,0.007980612226756301,0.010082268614824632,0.02677741495654027,0.030311734587625847,0.03384506024746378,0.037406170812816344
2273,0.0049420588190879034,0.006195982166439429,0.007919838489069162,0.010013492623044244,0.02684921434817557,0.030380399590697115,0.03390858625304436,0.03746320698478011
2274,0.004911769489936898,0.006148706020839408,0.007860485222580076,0.009946006005493484,0.026922747992242153,0.030453009269722595,0.03397888099498886,0.03753046402971092
2275,0.004883263523916985,0.006102938663417597,0.007802440326010804,0.009879697526814543,0.026999855306583886,0.030528559942088213,0.03405013359376083,0.037595626537124525
2276,0.004846596378030748,0.006049911638229929,0.007738166531070041,0.009808139944462741,0.027071918122770915,0.03059613520841859,0.03411228530834793,0.03765162990485024
2277,0.0048122990374966645,0.005999113368687946,0.007676041101465819,0.009738694500499264,0.02714684011200677,0.030666723418952796,0.034177244604748455,0.03770992381500066
2278,0.004779881200497958,0.00595004755884738,0.0076155866667715665,0.009670905836956048,0.027225868536589353,0.03074205101091736,0.03424737879604023,0.037773745511644245
2279,0.004749341833665875,0.00590273893723164,0.0075568541480170335,0.009604846017091169,0.027310062746903865,0.030823501981411462,0.03432393061186004,0.03784392940667579
2280,0.004720705856148067,0.005857246445448625,0.007499934548076497,0.009540631580472893,0.02739588714950777,0.030907482787978426,0.034403947890147946,0.03791858738890107
2281,0.004679232160398308,0.005798803211035789,0.007430452429994594,0.009464219644503872,0.02746926910229878,0.030976035548688528,0.03446631238729268,0.037973823614625805
2282,0.0046407216365509886,0.005743270737864029,0.007363816946108077,0.009390605761020025,0.02753102927041371,0.03103304682929779,0.034516803050491825,0.03801659160292592
2283,0.004604423587566996,0.0056898111405497,0.007299140244767876,0.009318865156245892,0.027586644798906095,0.031085373690964407,0.034563741597463365,0.038056724257577244
2284,0.004570227333813902,0.005638287535590581,0.007236268560057263,0.00924883120319304,0.027657680905382055,0.031157061286743896,0.034635340302635174,0.03812819227401733
2285,0.00453797572512158,0.005588497532407202,0.0071749675738479075,0.009180244580280782,0.0277305421866102,0.0312278540969518,0.03470097870814479,0.03818672785640993
2286,0.004502001667994586,0.005540880171749123,0.0071209802231370035,0.009123250490864158,0.02781880306964799,0.0313123188024007,0.03478131399147351,0.038262743352950976
2287,0.004468024875208097,0.005494684495937697,0.00706794188354482,0.009066842810198232,0.02788892731205895,0.03137728793396296,0.034840413047060585,0.03831546303349167
2288,0.004435894632203258,0.005450078581908943,0.0070163042309837834,0.009011699667787476,0.02796398822414404,0.03144810685145823,0.034905791114881936,0.038374629524780865
2289,0.004405775756590018,0.0054073140665590646,0.0069663864232226815,0.00895819024773475,0.028043080271323084,0.031523650685322015,0.03497624405474963,0.03843904784404088
2290,0.004377606175771485,0.005366328851976027,0.006918124363737626,0.008906243974788657,0.028125682338033486,0.03160321229814383,0.035051025893823765,0.038508076170601015
2291,0.004336193104529517,0.005307323488822541,0.006848050439253177,0.008829436813189373,0.028177926990447535,0.0316510617953217,0.03509240512214824,0.0385417123087397
2292,0.0042970347410266774,0.005250486005960694,0.006780058199396458,0.008754622268074531,0.028253021647449306,0.03172177772024295,0.03515634821195493,0.03859742772460993
2293,0.004259625548048063,0.005195389882322353,0.006713817988971054,0.008681558400700012,0.028332645711159402,0.03179844307931116,0.035227152553562686,0.03866059249426961
2294,0.004223810129609143,0.005141832899613179,0.00664909006339143,0.008609973674235072,0.028414567538369767,0.03187745145100039,0.0353001235918801,0.03872573141791066
2295,0.004189404125863465,0.005089570190394807,0.006585580969210338,0.008539533712189505,0.028499407172606073,0.03195987013537202,0.03537680653892965,0.03879486648792726
2296,0.004155880418312647,0.005040008258260304,0.006526535257406124,0.008475099292824664,0.028561390092850757,0.032020112489393716,0.03543257715336583,0.0388443870746318
2297,0.0041240506675429825,0.004992183831196432,0.00646935718750943,0.008412670151129644,0.028638323328809685,0.03209444873530018,0.03550155369220215,0.038906244824470644
2298,0.0040936177591871575,0.0049458216057324984,0.00641377279027788,0.008351958242994405,0.02871932990221585,0.03217399210828337,0.035576414771085633,0.03897443836478342
2299,0.00406478249297725,0.004901225892737445,0.00636016389716627,0.00829340423140974,0.028803247276196976,0.032256843741725535,0.03565476144084692,0.0390461818232246
2300,0.0040375837088991095,0.004858476183935396,0.006308637931533295,0.00823713444233568,0.02725232937313676,0.0306954152829827,0.034099235122881766,0.03749835231652125
